date,sentiment
Tue Sep 17 01:36:31 +0000 2019,positive
,
Tue Sep 17 01:36:33 +0000 2019,positive
,
Tue Sep 17 01:36:34 +0000 2019,neutral
,
Tue Sep 17 01:36:41 +0000 2019,positive
,
Tue Sep 17 01:36:43 +0000 2019,neutral
,
Tue Sep 17 01:36:48 +0000 2019,neutral
,
Tue Sep 17 01:36:50 +0000 2019,neutral
,
Tue Sep 17 01:36:50 +0000 2019,negative
,
Tue Sep 17 01:36:52 +0000 2019,neutral
,
Tue Sep 17 01:36:52 +0000 2019,neutral
,
Tue Sep 17 01:36:54 +0000 2019,neutral
,
Tue Sep 17 01:36:56 +0000 2019,neutral
,
Tue Sep 17 01:36:58 +0000 2019,neutral
,
Tue Sep 17 01:37:02 +0000 2019,neutral
,
Tue Sep 17 01:37:03 +0000 2019,positive
,
Tue Sep 17 01:37:03 +0000 2019,neutral
,
Tue Sep 17 01:37:06 +0000 2019,neutral
,
Tue Sep 17 01:37:07 +0000 2019,neutral
,
Tue Sep 17 01:37:10 +0000 2019,negative
,
Tue Sep 17 01:37:11 +0000 2019,neutral
,
Tue Sep 17 01:37:13 +0000 2019,neutral
,
Tue Sep 17 01:37:14 +0000 2019,negative
,
Tue Sep 17 01:37:18 +0000 2019,positive
,
Tue Sep 17 01:37:18 +0000 2019,neutral
,
Tue Sep 17 01:37:19 +0000 2019,positive
,
Tue Sep 17 01:37:23 +0000 2019,neutral
,
Tue Sep 17 01:37:23 +0000 2019,neutral
,
Tue Sep 17 01:37:24 +0000 2019,positive
,
Tue Sep 17 01:37:24 +0000 2019,negative
,
Tue Sep 17 01:37:24 +0000 2019,neutral
,
Tue Sep 17 01:37:24 +0000 2019,positive
,
Tue Sep 17 01:37:25 +0000 2019,positive
,
Tue Sep 17 01:37:26 +0000 2019,neutral
,
Tue Sep 17 01:37:28 +0000 2019,positive
,
Tue Sep 17 01:37:29 +0000 2019,neutral
,
Tue Sep 17 01:37:32 +0000 2019,positive
,
Tue Sep 17 01:37:32 +0000 2019,neutral
,
Tue Sep 17 01:37:32 +0000 2019,neutral
,
Tue Sep 17 01:37:37 +0000 2019,neutral
,
Tue Sep 17 01:37:37 +0000 2019,positive
,
Tue Sep 17 01:37:38 +0000 2019,neutral
,
Tue Sep 17 01:37:39 +0000 2019,neutral
,
Tue Sep 17 01:37:40 +0000 2019,neutral
,
Tue Sep 17 01:37:40 +0000 2019,neutral
,
Tue Sep 17 01:37:43 +0000 2019,positive
,
Tue Sep 17 01:37:43 +0000 2019,neutral
,
Tue Sep 17 01:37:46 +0000 2019,neutral
,
Tue Sep 17 01:37:54 +0000 2019,neutral
,
Tue Sep 17 01:37:55 +0000 2019,negative
,
Tue Sep 17 01:37:58 +0000 2019,neutral
,
Tue Sep 17 01:38:00 +0000 2019,positive
,
Tue Sep 17 01:38:02 +0000 2019,negative
,
Tue Sep 17 01:38:03 +0000 2019,neutral
,
Tue Sep 17 01:38:05 +0000 2019,neutral
,
Tue Sep 17 01:38:07 +0000 2019,neutral
,
Tue Sep 17 01:38:08 +0000 2019,positive
,
Tue Sep 17 01:38:09 +0000 2019,neutral
,
Tue Sep 17 01:38:12 +0000 2019,positive
,
Tue Sep 17 01:38:18 +0000 2019,neutral
,
Tue Sep 17 01:38:20 +0000 2019,neutral
,
Tue Sep 17 01:38:20 +0000 2019,neutral
,
Tue Sep 17 01:38:24 +0000 2019,positive
,
Tue Sep 17 01:38:26 +0000 2019,negative
,
Tue Sep 17 01:38:27 +0000 2019,neutral
,
Tue Sep 17 01:38:32 +0000 2019,neutral
,
Tue Sep 17 01:38:35 +0000 2019,negative
,
Tue Sep 17 01:38:37 +0000 2019,neutral
,
Tue Sep 17 01:38:42 +0000 2019,neutral
,
Tue Sep 17 01:38:46 +0000 2019,neutral
,
Tue Sep 17 01:38:46 +0000 2019,neutral
,
Tue Sep 17 01:38:48 +0000 2019,positive
,
Tue Sep 17 01:38:52 +0000 2019,positive
,
Tue Sep 17 01:38:53 +0000 2019,negative
,
Tue Sep 17 01:38:54 +0000 2019,positive
,
Tue Sep 17 01:38:57 +0000 2019,positive
,
Tue Sep 17 01:38:57 +0000 2019,negative
,
Tue Sep 17 01:38:58 +0000 2019,negative
,
Tue Sep 17 01:38:58 +0000 2019,positive
,
Tue Sep 17 01:38:59 +0000 2019,neutral
,
Tue Sep 17 01:38:59 +0000 2019,negative
,
Tue Sep 17 01:39:00 +0000 2019,neutral
,
Tue Sep 17 01:39:03 +0000 2019,positive
,
Tue Sep 17 01:39:04 +0000 2019,negative
,
Tue Sep 17 01:39:06 +0000 2019,positive
,
Tue Sep 17 01:39:05 +0000 2019,neutral
,
Tue Sep 17 01:39:08 +0000 2019,neutral
,
Tue Sep 17 01:39:08 +0000 2019,positive
,
Tue Sep 17 01:39:08 +0000 2019,positive
,
Tue Sep 17 01:39:15 +0000 2019,positive
,
Tue Sep 17 01:39:20 +0000 2019,neutral
,
Tue Sep 17 01:39:20 +0000 2019,neutral
,
Tue Sep 17 01:39:20 +0000 2019,neutral
,
Tue Sep 17 01:39:29 +0000 2019,neutral
,
Tue Sep 17 01:39:30 +0000 2019,positive
,
Tue Sep 17 01:39:31 +0000 2019,neutral
,
Tue Sep 17 01:39:33 +0000 2019,neutral
,
Tue Sep 17 01:39:35 +0000 2019,neutral
,
Tue Sep 17 01:39:36 +0000 2019,negative
,
Tue Sep 17 01:39:40 +0000 2019,neutral
,
Tue Sep 17 01:39:44 +0000 2019,neutral
,
Tue Sep 17 01:39:48 +0000 2019,positive
,
Tue Sep 17 01:39:49 +0000 2019,neutral
,
Tue Sep 17 01:39:52 +0000 2019,positive
,
Tue Sep 17 01:39:53 +0000 2019,positive
,
Tue Sep 17 01:39:53 +0000 2019,neutral
,
Tue Sep 17 01:39:54 +0000 2019,neutral
,
Tue Sep 17 01:39:55 +0000 2019,negative
,
Tue Sep 17 01:39:55 +0000 2019,neutral
,
Tue Sep 17 01:39:56 +0000 2019,neutral
,
Tue Sep 17 01:39:56 +0000 2019,neutral
,
Tue Sep 17 01:39:56 +0000 2019,positive
,
Tue Sep 17 01:39:59 +0000 2019,negative
,
Tue Sep 17 01:39:57 +0000 2019,positive
,
Tue Sep 17 01:40:02 +0000 2019,positive
,
Tue Sep 17 01:40:02 +0000 2019,neutral
,
Tue Sep 17 01:40:04 +0000 2019,positive
,
Tue Sep 17 01:40:05 +0000 2019,negative
,
Tue Sep 17 01:40:06 +0000 2019,negative
,
Tue Sep 17 01:40:06 +0000 2019,positive
,
Tue Sep 17 01:40:03 +0000 2019,positive
,
Tue Sep 17 01:40:08 +0000 2019,positive
,
Tue Sep 17 01:40:09 +0000 2019,neutral
,
Tue Sep 17 01:40:10 +0000 2019,positive
,
Tue Sep 17 01:40:11 +0000 2019,positive
,
Tue Sep 17 01:40:11 +0000 2019,positive
,
Tue Sep 17 01:40:11 +0000 2019,neutral
,
Tue Sep 17 01:40:12 +0000 2019,positive
,
Tue Sep 17 01:40:12 +0000 2019,positive
,
Tue Sep 17 01:40:13 +0000 2019,positive
,
Tue Sep 17 01:40:14 +0000 2019,positive
,
Tue Sep 17 01:40:17 +0000 2019,neutral
,
Tue Sep 17 01:40:17 +0000 2019,neutral
,
Tue Sep 17 01:40:17 +0000 2019,positive
,
Tue Sep 17 01:40:19 +0000 2019,positive
,
Tue Sep 17 01:40:20 +0000 2019,neutral
,
Tue Sep 17 01:40:21 +0000 2019,neutral
,
Tue Sep 17 01:40:25 +0000 2019,positive
,
Tue Sep 17 01:40:27 +0000 2019,positive
,
Tue Sep 17 01:40:28 +0000 2019,neutral
,
Tue Sep 17 01:40:29 +0000 2019,neutral
,
Tue Sep 17 01:40:31 +0000 2019,positive
,
Tue Sep 17 01:40:32 +0000 2019,positive
,
Tue Sep 17 01:40:33 +0000 2019,positive
,
Tue Sep 17 01:40:42 +0000 2019,negative
,
Tue Sep 17 01:40:42 +0000 2019,neutral
,
Tue Sep 17 01:40:43 +0000 2019,negative
,
Tue Sep 17 01:40:44 +0000 2019,positive
,
Tue Sep 17 01:40:45 +0000 2019,neutral
,
Tue Sep 17 01:40:45 +0000 2019,neutral
,
Tue Sep 17 01:40:46 +0000 2019,neutral
,
Tue Sep 17 01:40:50 +0000 2019,neutral
,
Tue Sep 17 01:40:52 +0000 2019,positive
,
Tue Sep 17 01:40:55 +0000 2019,neutral
,
Tue Sep 17 01:40:57 +0000 2019,neutral
,
Tue Sep 17 01:40:59 +0000 2019,positive
,
Tue Sep 17 01:41:00 +0000 2019,neutral
,
Tue Sep 17 01:41:01 +0000 2019,positive
,
Tue Sep 17 01:41:02 +0000 2019,neutral
,
Tue Sep 17 01:41:03 +0000 2019,neutral
,
Tue Sep 17 01:41:09 +0000 2019,neutral
,
Tue Sep 17 01:41:10 +0000 2019,neutral
,
Tue Sep 17 01:41:17 +0000 2019,neutral
,
Tue Sep 17 01:41:18 +0000 2019,positive
,
Tue Sep 17 01:41:20 +0000 2019,neutral
,
Tue Sep 17 01:41:21 +0000 2019,positive
,
Tue Sep 17 01:41:24 +0000 2019,positive
,
Tue Sep 17 01:41:24 +0000 2019,neutral
,
Tue Sep 17 01:41:24 +0000 2019,positive
,
Tue Sep 17 01:41:26 +0000 2019,neutral
,
Tue Sep 17 01:41:30 +0000 2019,neutral
,
Tue Sep 17 01:41:35 +0000 2019,neutral
,
Tue Sep 17 01:41:36 +0000 2019,positive
,
Tue Sep 17 01:41:37 +0000 2019,neutral
,
Tue Sep 17 01:41:39 +0000 2019,negative
,
Tue Sep 17 01:41:40 +0000 2019,positive
,
Tue Sep 17 01:41:40 +0000 2019,neutral
,
Tue Sep 17 01:41:46 +0000 2019,neutral
,
Tue Sep 17 01:41:47 +0000 2019,positive
,
Tue Sep 17 01:41:48 +0000 2019,positive
,
Tue Sep 17 01:41:48 +0000 2019,neutral
,
Tue Sep 17 01:41:48 +0000 2019,negative
,
Tue Sep 17 01:41:49 +0000 2019,positive
,
Tue Sep 17 01:41:53 +0000 2019,neutral
,
Tue Sep 17 01:41:53 +0000 2019,neutral
,
Tue Sep 17 01:41:55 +0000 2019,neutral
,
Tue Sep 17 01:42:01 +0000 2019,positive
,
Tue Sep 17 01:42:02 +0000 2019,positive
,
Tue Sep 17 01:42:03 +0000 2019,negative
,
Tue Sep 17 01:42:04 +0000 2019,positive
,
Tue Sep 17 01:42:05 +0000 2019,neutral
,
Tue Sep 17 01:42:06 +0000 2019,positive
,
Tue Sep 17 01:42:07 +0000 2019,positive
,
Tue Sep 17 01:42:07 +0000 2019,neutral
,
Tue Sep 17 01:42:07 +0000 2019,neutral
,
Tue Sep 17 01:42:08 +0000 2019,positive
,
Tue Sep 17 01:42:09 +0000 2019,positive
,
Tue Sep 17 01:42:13 +0000 2019,negative
,
Tue Sep 17 01:42:13 +0000 2019,neutral
,
Tue Sep 17 01:42:13 +0000 2019,neutral
,
Tue Sep 17 01:42:14 +0000 2019,positive
,
Tue Sep 17 01:42:15 +0000 2019,neutral
,
Tue Sep 17 01:42:17 +0000 2019,positive
,
Tue Sep 17 01:42:22 +0000 2019,neutral
,
Tue Sep 17 01:42:24 +0000 2019,positive
,
Tue Sep 17 01:42:25 +0000 2019,neutral
,
Tue Sep 17 01:42:25 +0000 2019,negative
,
Tue Sep 17 01:42:27 +0000 2019,positive
,
Tue Sep 17 01:42:28 +0000 2019,neutral
,
Tue Sep 17 01:42:32 +0000 2019,neutral
,
Tue Sep 17 01:42:33 +0000 2019,negative
,
Tue Sep 17 01:42:35 +0000 2019,neutral
,
Tue Sep 17 01:42:36 +0000 2019,positive
,
Tue Sep 17 01:42:38 +0000 2019,positive
,
Tue Sep 17 01:42:40 +0000 2019,positive
,
Tue Sep 17 01:42:42 +0000 2019,neutral
,
Tue Sep 17 01:42:44 +0000 2019,neutral
,
Tue Sep 17 01:42:47 +0000 2019,positive
,
Tue Sep 17 01:42:49 +0000 2019,neutral
,
Tue Sep 17 01:42:50 +0000 2019,neutral
,
Tue Sep 17 01:42:52 +0000 2019,negative
,
Tue Sep 17 01:42:52 +0000 2019,neutral
,
Tue Sep 17 01:42:52 +0000 2019,positive
,
Tue Sep 17 01:42:56 +0000 2019,neutral
,
Tue Sep 17 01:42:58 +0000 2019,neutral
,
Tue Sep 17 01:43:03 +0000 2019,neutral
,
Tue Sep 17 01:43:03 +0000 2019,positive
,
Tue Sep 17 01:43:09 +0000 2019,neutral
,
Tue Sep 17 01:43:10 +0000 2019,positive
,
Tue Sep 17 01:43:11 +0000 2019,neutral
,
Tue Sep 17 01:43:14 +0000 2019,positive
,
Tue Sep 17 01:43:14 +0000 2019,negative
,
Tue Sep 17 01:43:20 +0000 2019,positive
,
Tue Sep 17 01:43:25 +0000 2019,neutral
,
Tue Sep 17 01:43:29 +0000 2019,neutral
,
Tue Sep 17 01:43:30 +0000 2019,neutral
,
Tue Sep 17 01:43:30 +0000 2019,neutral
,
Tue Sep 17 01:43:33 +0000 2019,neutral
,
Tue Sep 17 01:43:35 +0000 2019,positive
,
Tue Sep 17 01:43:36 +0000 2019,positive
,
Tue Sep 17 01:43:38 +0000 2019,negative
,
Tue Sep 17 01:43:39 +0000 2019,positive
,
Tue Sep 17 01:43:40 +0000 2019,neutral
,
Tue Sep 17 01:43:40 +0000 2019,neutral
,
Tue Sep 17 01:43:42 +0000 2019,positive
,
Tue Sep 17 01:43:48 +0000 2019,positive
,
Tue Sep 17 01:43:50 +0000 2019,neutral
,
Tue Sep 17 01:43:52 +0000 2019,neutral
,
Tue Sep 17 01:43:52 +0000 2019,negative
,
Tue Sep 17 01:44:02 +0000 2019,positive
,
Tue Sep 17 01:44:05 +0000 2019,neutral
,
Tue Sep 17 01:44:06 +0000 2019,neutral
,
Tue Sep 17 01:44:06 +0000 2019,positive
,
Tue Sep 17 01:44:07 +0000 2019,neutral
,
Tue Sep 17 01:44:09 +0000 2019,positive
,
Tue Sep 17 01:44:10 +0000 2019,negative
,
Tue Sep 17 01:44:11 +0000 2019,positive
,
Tue Sep 17 01:44:12 +0000 2019,negative
,
Tue Sep 17 01:44:13 +0000 2019,neutral
,
Tue Sep 17 01:44:15 +0000 2019,positive
,
Tue Sep 17 01:44:15 +0000 2019,neutral
,
Tue Sep 17 01:44:16 +0000 2019,positive
,
Tue Sep 17 01:44:17 +0000 2019,neutral
,
Tue Sep 17 01:44:17 +0000 2019,positive
,
Tue Sep 17 01:44:18 +0000 2019,neutral
,
Tue Sep 17 01:44:20 +0000 2019,negative
,
Tue Sep 17 01:44:21 +0000 2019,neutral
,
Tue Sep 17 01:44:23 +0000 2019,positive
,
Tue Sep 17 01:44:28 +0000 2019,neutral
,
Tue Sep 17 01:44:29 +0000 2019,neutral
,
Tue Sep 17 01:44:31 +0000 2019,positive
,
Tue Sep 17 01:44:32 +0000 2019,positive
,
Tue Sep 17 01:44:33 +0000 2019,positive
,
Tue Sep 17 01:44:34 +0000 2019,neutral
,
Tue Sep 17 01:44:34 +0000 2019,positive
,
Tue Sep 17 01:44:35 +0000 2019,neutral
,
Tue Sep 17 01:44:36 +0000 2019,neutral
,
Tue Sep 17 01:44:39 +0000 2019,negative
,
Tue Sep 17 01:44:44 +0000 2019,negative
,
Tue Sep 17 01:44:46 +0000 2019,positive
,
Tue Sep 17 01:44:54 +0000 2019,positive
,
Tue Sep 17 01:44:56 +0000 2019,neutral
,
Tue Sep 17 01:45:01 +0000 2019,neutral
,
Tue Sep 17 01:45:04 +0000 2019,neutral
,
Tue Sep 17 01:45:04 +0000 2019,neutral
,
Tue Sep 17 01:45:04 +0000 2019,positive
,
Tue Sep 17 01:45:05 +0000 2019,negative
,
Tue Sep 17 01:45:07 +0000 2019,neutral
,
Tue Sep 17 01:45:12 +0000 2019,neutral
,
Tue Sep 17 01:45:12 +0000 2019,positive
,
Tue Sep 17 01:45:16 +0000 2019,positive
,
Tue Sep 17 01:45:17 +0000 2019,positive
,
Tue Sep 17 01:45:20 +0000 2019,neutral
,
Tue Sep 17 01:45:31 +0000 2019,neutral
,
Tue Sep 17 01:45:31 +0000 2019,neutral
,
Tue Sep 17 01:45:32 +0000 2019,negative
,
Tue Sep 17 01:45:34 +0000 2019,positive
,
Tue Sep 17 01:45:35 +0000 2019,neutral
,
Tue Sep 17 01:45:35 +0000 2019,positive
,
Tue Sep 17 01:45:36 +0000 2019,neutral
,
Tue Sep 17 01:45:40 +0000 2019,negative
,
Tue Sep 17 01:45:41 +0000 2019,neutral
,
Tue Sep 17 01:45:41 +0000 2019,positive
,
Tue Sep 17 01:45:44 +0000 2019,neutral
,
Tue Sep 17 01:45:47 +0000 2019,negative
,
Tue Sep 17 01:45:48 +0000 2019,neutral
,
Tue Sep 17 01:45:48 +0000 2019,positive
,
Tue Sep 17 01:45:48 +0000 2019,positive
,
Tue Sep 17 01:45:50 +0000 2019,negative
,
Tue Sep 17 01:45:55 +0000 2019,neutral
,
Tue Sep 17 01:45:57 +0000 2019,positive
,
Tue Sep 17 01:45:57 +0000 2019,neutral
,
Tue Sep 17 01:45:58 +0000 2019,negative
,
Tue Sep 17 01:45:58 +0000 2019,neutral
,
Tue Sep 17 01:45:58 +0000 2019,neutral
,
Tue Sep 17 01:45:58 +0000 2019,neutral
,
Tue Sep 17 01:45:59 +0000 2019,positive
,
Tue Sep 17 01:45:59 +0000 2019,negative
,
Tue Sep 17 01:46:01 +0000 2019,neutral
,
Tue Sep 17 01:46:02 +0000 2019,neutral
,
Tue Sep 17 01:46:02 +0000 2019,neutral
,
Tue Sep 17 01:46:05 +0000 2019,negative
,
Tue Sep 17 01:46:05 +0000 2019,positive
,
Tue Sep 17 01:46:07 +0000 2019,neutral
,
Tue Sep 17 01:46:09 +0000 2019,neutral
,
Tue Sep 17 01:46:11 +0000 2019,negative
,
Tue Sep 17 01:46:16 +0000 2019,positive
,
Tue Sep 17 01:46:17 +0000 2019,positive
,
Tue Sep 17 01:46:18 +0000 2019,negative
,
Tue Sep 17 01:46:19 +0000 2019,neutral
,
Tue Sep 17 01:46:21 +0000 2019,neutral
,
Tue Sep 17 01:46:23 +0000 2019,neutral
,
Tue Sep 17 01:46:23 +0000 2019,neutral
,
Tue Sep 17 01:46:25 +0000 2019,positive
,
Tue Sep 17 01:46:29 +0000 2019,neutral
,
Tue Sep 17 01:46:29 +0000 2019,neutral
,
Tue Sep 17 01:46:32 +0000 2019,positive
,
Tue Sep 17 01:46:33 +0000 2019,positive
,
Tue Sep 17 01:46:34 +0000 2019,negative
,
Tue Sep 17 01:46:34 +0000 2019,negative
,
Tue Sep 17 01:46:46 +0000 2019,neutral
,
Tue Sep 17 01:46:48 +0000 2019,positive
,
Tue Sep 17 01:46:50 +0000 2019,neutral
,
Tue Sep 17 01:46:52 +0000 2019,neutral
,
Tue Sep 17 01:46:54 +0000 2019,neutral
,
Tue Sep 17 01:46:54 +0000 2019,negative
,
Tue Sep 17 01:46:55 +0000 2019,neutral
,
Tue Sep 17 01:47:00 +0000 2019,positive
,
Tue Sep 17 01:47:00 +0000 2019,positive
,
Tue Sep 17 01:47:01 +0000 2019,neutral
,
Tue Sep 17 01:47:06 +0000 2019,negative
,
Tue Sep 17 01:47:07 +0000 2019,neutral
,
Tue Sep 17 01:47:07 +0000 2019,neutral
,
Tue Sep 17 01:47:07 +0000 2019,neutral
,
Tue Sep 17 01:47:14 +0000 2019,negative
,
Tue Sep 17 01:47:15 +0000 2019,neutral
,
Tue Sep 17 01:47:17 +0000 2019,positive
,
Tue Sep 17 01:47:19 +0000 2019,positive
,
Tue Sep 17 01:47:22 +0000 2019,positive
,
Tue Sep 17 01:47:24 +0000 2019,positive
,
Tue Sep 17 01:47:26 +0000 2019,positive
,
Tue Sep 17 01:47:28 +0000 2019,positive
,
Tue Sep 17 01:47:37 +0000 2019,neutral
,
Tue Sep 17 01:47:37 +0000 2019,neutral
,
Tue Sep 17 01:47:44 +0000 2019,neutral
,
Tue Sep 17 01:47:44 +0000 2019,positive
,
Tue Sep 17 01:47:46 +0000 2019,positive
,
Tue Sep 17 01:47:49 +0000 2019,neutral
,
Tue Sep 17 01:47:52 +0000 2019,negative
,
Tue Sep 17 01:47:54 +0000 2019,positive
,
Tue Sep 17 01:47:55 +0000 2019,positive
,
Tue Sep 17 01:48:00 +0000 2019,negative
,
Tue Sep 17 01:48:01 +0000 2019,positive
,
Tue Sep 17 01:48:08 +0000 2019,positive
,
Tue Sep 17 01:48:14 +0000 2019,positive
,
Tue Sep 17 01:48:14 +0000 2019,neutral
,
Tue Sep 17 01:48:15 +0000 2019,neutral
,
Tue Sep 17 01:48:17 +0000 2019,neutral
,
Tue Sep 17 01:48:18 +0000 2019,neutral
,
Tue Sep 17 01:48:18 +0000 2019,positive
,
Tue Sep 17 01:48:18 +0000 2019,neutral
,
Tue Sep 17 01:48:19 +0000 2019,neutral
,
Tue Sep 17 01:48:19 +0000 2019,positive
,
Tue Sep 17 01:48:19 +0000 2019,neutral
,
Tue Sep 17 01:48:20 +0000 2019,positive
,
Tue Sep 17 01:48:21 +0000 2019,neutral
,
Tue Sep 17 01:48:25 +0000 2019,negative
,
Tue Sep 17 01:48:25 +0000 2019,neutral
,
Tue Sep 17 01:48:25 +0000 2019,positive
,
Tue Sep 17 01:48:30 +0000 2019,positive
,
Tue Sep 17 01:48:32 +0000 2019,neutral
,
Tue Sep 17 01:48:32 +0000 2019,neutral
,
Tue Sep 17 01:48:37 +0000 2019,neutral
,
Tue Sep 17 01:48:38 +0000 2019,positive
,
Tue Sep 17 01:48:41 +0000 2019,positive
,
Tue Sep 17 01:48:43 +0000 2019,positive
,
Tue Sep 17 01:48:42 +0000 2019,positive
,
Tue Sep 17 01:48:44 +0000 2019,neutral
,
Tue Sep 17 01:48:46 +0000 2019,neutral
,
Tue Sep 17 01:48:47 +0000 2019,neutral
,
Tue Sep 17 01:48:48 +0000 2019,negative
,
Tue Sep 17 01:48:49 +0000 2019,negative
,
Tue Sep 17 01:48:55 +0000 2019,negative
,
Tue Sep 17 01:48:57 +0000 2019,neutral
,
Tue Sep 17 01:49:01 +0000 2019,positive
,
Tue Sep 17 01:49:01 +0000 2019,neutral
,
Tue Sep 17 01:49:08 +0000 2019,positive
,
Tue Sep 17 01:49:08 +0000 2019,positive
,
Tue Sep 17 01:49:09 +0000 2019,positive
,
Tue Sep 17 01:49:09 +0000 2019,positive
,
Tue Sep 17 01:49:09 +0000 2019,negative
,
Tue Sep 17 01:49:13 +0000 2019,negative
,
Tue Sep 17 01:49:20 +0000 2019,positive
,
Tue Sep 17 01:49:21 +0000 2019,neutral
,
Tue Sep 17 01:49:23 +0000 2019,positive
,
Tue Sep 17 01:49:23 +0000 2019,positive
,
Tue Sep 17 01:49:23 +0000 2019,positive
,
Tue Sep 17 01:49:23 +0000 2019,positive
,
Tue Sep 17 01:49:25 +0000 2019,positive
,
Tue Sep 17 01:49:26 +0000 2019,neutral
,
Tue Sep 17 01:49:27 +0000 2019,positive
,
Tue Sep 17 01:49:32 +0000 2019,negative
,
Tue Sep 17 01:49:33 +0000 2019,positive
,
Tue Sep 17 01:49:34 +0000 2019,positive
,
Tue Sep 17 01:49:35 +0000 2019,neutral
,
Tue Sep 17 01:49:36 +0000 2019,positive
,
Tue Sep 17 01:49:36 +0000 2019,neutral
,
Tue Sep 17 01:49:36 +0000 2019,positive
,
Tue Sep 17 01:49:43 +0000 2019,negative
,
Tue Sep 17 01:49:44 +0000 2019,neutral
,
Tue Sep 17 01:49:45 +0000 2019,positive
,
Tue Sep 17 01:49:51 +0000 2019,neutral
,
Tue Sep 17 01:49:53 +0000 2019,neutral
,
Tue Sep 17 01:49:54 +0000 2019,positive
,
Tue Sep 17 01:49:56 +0000 2019,positive
,
Tue Sep 17 01:49:57 +0000 2019,neutral
,
Tue Sep 17 01:50:02 +0000 2019,positive
,
Tue Sep 17 01:50:06 +0000 2019,negative
,
Tue Sep 17 01:50:07 +0000 2019,positive
,
Tue Sep 17 01:50:07 +0000 2019,neutral
,
Tue Sep 17 01:50:09 +0000 2019,neutral
,
Tue Sep 17 01:50:09 +0000 2019,neutral
,
Tue Sep 17 01:50:09 +0000 2019,neutral
,
Tue Sep 17 01:50:10 +0000 2019,neutral
,
Tue Sep 17 01:50:10 +0000 2019,neutral
,
Tue Sep 17 01:50:10 +0000 2019,neutral
,
Tue Sep 17 01:50:14 +0000 2019,positive
,
Tue Sep 17 01:50:18 +0000 2019,neutral
,
Tue Sep 17 01:50:18 +0000 2019,neutral
,
Tue Sep 17 01:50:21 +0000 2019,negative
,
Tue Sep 17 01:50:27 +0000 2019,negative
,
Tue Sep 17 01:50:27 +0000 2019,neutral
,
Tue Sep 17 01:50:30 +0000 2019,positive
,
Tue Sep 17 01:50:33 +0000 2019,neutral
,
Tue Sep 17 01:50:34 +0000 2019,neutral
,
Tue Sep 17 01:50:35 +0000 2019,neutral
,
Tue Sep 17 01:50:39 +0000 2019,negative
,
Tue Sep 17 01:50:40 +0000 2019,positive
,
Tue Sep 17 01:50:42 +0000 2019,negative
,
Tue Sep 17 01:50:48 +0000 2019,positive
,
Tue Sep 17 01:50:50 +0000 2019,neutral
,
Tue Sep 17 01:50:50 +0000 2019,neutral
,
Tue Sep 17 01:50:50 +0000 2019,positive
,
Tue Sep 17 01:50:50 +0000 2019,neutral
,
Tue Sep 17 01:50:53 +0000 2019,neutral
,
Tue Sep 17 01:50:58 +0000 2019,negative
,
Tue Sep 17 01:51:00 +0000 2019,positive
,
Tue Sep 17 01:51:02 +0000 2019,positive
,
Tue Sep 17 01:51:08 +0000 2019,positive
,
Tue Sep 17 01:51:09 +0000 2019,neutral
,
Tue Sep 17 01:51:12 +0000 2019,positive
,
Tue Sep 17 01:51:13 +0000 2019,neutral
,
Tue Sep 17 01:51:15 +0000 2019,positive
,
Tue Sep 17 01:51:22 +0000 2019,neutral
,
Tue Sep 17 01:51:24 +0000 2019,positive
,
Tue Sep 17 01:51:26 +0000 2019,positive
,
Tue Sep 17 01:51:26 +0000 2019,neutral
,
Tue Sep 17 01:51:26 +0000 2019,neutral
,
Tue Sep 17 01:51:27 +0000 2019,positive
,
Tue Sep 17 01:51:31 +0000 2019,neutral
,
Tue Sep 17 01:51:32 +0000 2019,positive
,
Tue Sep 17 01:51:32 +0000 2019,positive
,
Tue Sep 17 01:51:35 +0000 2019,negative
,
Tue Sep 17 01:51:37 +0000 2019,positive
,
Tue Sep 17 01:51:42 +0000 2019,neutral
,
Tue Sep 17 01:51:42 +0000 2019,positive
,
Tue Sep 17 01:51:45 +0000 2019,neutral
,
Tue Sep 17 01:51:46 +0000 2019,positive
,
Tue Sep 17 01:51:49 +0000 2019,neutral
,
Tue Sep 17 01:51:51 +0000 2019,positive
,
Tue Sep 17 01:51:51 +0000 2019,negative
,
Tue Sep 17 01:51:51 +0000 2019,neutral
,
Tue Sep 17 01:51:52 +0000 2019,positive
,
Tue Sep 17 01:51:53 +0000 2019,positive
,
Tue Sep 17 01:51:55 +0000 2019,positive
,
Tue Sep 17 01:51:57 +0000 2019,neutral
,
Tue Sep 17 01:51:57 +0000 2019,positive
,
Tue Sep 17 01:51:59 +0000 2019,neutral
,
Tue Sep 17 01:52:01 +0000 2019,positive
,
Tue Sep 17 01:52:02 +0000 2019,neutral
,
Tue Sep 17 01:52:04 +0000 2019,positive
,
Tue Sep 17 01:52:07 +0000 2019,positive
,
Tue Sep 17 01:52:07 +0000 2019,neutral
,
Tue Sep 17 01:52:08 +0000 2019,positive
,
Tue Sep 17 01:52:09 +0000 2019,neutral
,
Tue Sep 17 01:52:13 +0000 2019,positive
,
Tue Sep 17 01:52:14 +0000 2019,negative
,
Tue Sep 17 01:52:14 +0000 2019,positive
,
Tue Sep 17 01:52:22 +0000 2019,positive
,
Tue Sep 17 01:52:22 +0000 2019,neutral
,
Tue Sep 17 01:52:23 +0000 2019,neutral
,
Tue Sep 17 01:52:28 +0000 2019,neutral
,
Tue Sep 17 01:52:28 +0000 2019,neutral
,
Tue Sep 17 01:52:30 +0000 2019,neutral
,
Tue Sep 17 01:52:31 +0000 2019,neutral
,
Tue Sep 17 01:52:33 +0000 2019,neutral
,
Tue Sep 17 01:52:33 +0000 2019,positive
,
Tue Sep 17 01:52:37 +0000 2019,neutral
,
Tue Sep 17 01:52:38 +0000 2019,negative
,
Tue Sep 17 01:52:39 +0000 2019,neutral
,
Tue Sep 17 01:52:39 +0000 2019,positive
,
Tue Sep 17 01:52:40 +0000 2019,positive
,
Tue Sep 17 01:52:45 +0000 2019,neutral
,
Tue Sep 17 01:52:45 +0000 2019,negative
,
Tue Sep 17 01:52:45 +0000 2019,positive
,
Tue Sep 17 01:52:47 +0000 2019,positive
,
Tue Sep 17 01:52:52 +0000 2019,neutral
,
Tue Sep 17 01:52:52 +0000 2019,neutral
,
Tue Sep 17 01:52:56 +0000 2019,negative
,
Tue Sep 17 01:52:58 +0000 2019,positive
,
Tue Sep 17 01:52:58 +0000 2019,positive
,
Tue Sep 17 01:52:58 +0000 2019,positive
,
Tue Sep 17 01:53:01 +0000 2019,positive
,
Tue Sep 17 01:53:02 +0000 2019,negative
,
Tue Sep 17 01:53:03 +0000 2019,neutral
,
Tue Sep 17 01:53:04 +0000 2019,neutral
,
Tue Sep 17 01:53:04 +0000 2019,neutral
,
Tue Sep 17 01:53:07 +0000 2019,neutral
,
Tue Sep 17 01:53:06 +0000 2019,positive
,
Tue Sep 17 01:53:12 +0000 2019,neutral
,
Tue Sep 17 01:53:13 +0000 2019,positive
,
Tue Sep 17 01:53:13 +0000 2019,negative
,
Tue Sep 17 01:53:14 +0000 2019,negative
,
Tue Sep 17 01:53:15 +0000 2019,neutral
,
Tue Sep 17 01:53:21 +0000 2019,positive
,
Tue Sep 17 01:53:22 +0000 2019,positive
,
Tue Sep 17 01:53:23 +0000 2019,neutral
,
Tue Sep 17 01:53:31 +0000 2019,positive
,
Tue Sep 17 01:53:32 +0000 2019,neutral
,
Tue Sep 17 01:53:33 +0000 2019,positive
,
Tue Sep 17 01:53:33 +0000 2019,neutral
,
Tue Sep 17 01:53:34 +0000 2019,neutral
,
Tue Sep 17 01:53:36 +0000 2019,positive
,
Tue Sep 17 01:53:38 +0000 2019,positive
,
Tue Sep 17 01:53:39 +0000 2019,neutral
,
Tue Sep 17 01:53:42 +0000 2019,positive
,
Tue Sep 17 01:53:46 +0000 2019,neutral
,
Tue Sep 17 01:53:46 +0000 2019,neutral
,
Tue Sep 17 01:53:47 +0000 2019,positive
,
Tue Sep 17 01:53:47 +0000 2019,positive
,
Tue Sep 17 01:53:50 +0000 2019,neutral
,
Tue Sep 17 01:53:51 +0000 2019,neutral
,
Tue Sep 17 01:53:51 +0000 2019,positive
,
Tue Sep 17 01:53:52 +0000 2019,neutral
,
Tue Sep 17 01:53:53 +0000 2019,negative
,
Tue Sep 17 01:53:54 +0000 2019,neutral
,
Tue Sep 17 01:53:54 +0000 2019,neutral
,
Tue Sep 17 01:53:54 +0000 2019,neutral
,
Tue Sep 17 01:53:55 +0000 2019,positive
,
Tue Sep 17 01:53:57 +0000 2019,neutral
,
Tue Sep 17 01:53:57 +0000 2019,neutral
,
Tue Sep 17 01:53:59 +0000 2019,neutral
,
Tue Sep 17 01:53:59 +0000 2019,positive
,
Tue Sep 17 01:53:59 +0000 2019,neutral
,
Tue Sep 17 01:54:03 +0000 2019,positive
,
Tue Sep 17 01:54:04 +0000 2019,neutral
,
Tue Sep 17 01:54:06 +0000 2019,neutral
,
Tue Sep 17 01:54:06 +0000 2019,negative
,
Tue Sep 17 01:54:06 +0000 2019,positive
,
Tue Sep 17 01:54:09 +0000 2019,positive
,
Tue Sep 17 01:54:13 +0000 2019,neutral
,
Tue Sep 17 01:54:14 +0000 2019,positive
,
Tue Sep 17 01:54:14 +0000 2019,neutral
,
Tue Sep 17 01:54:16 +0000 2019,negative
,
Tue Sep 17 01:54:16 +0000 2019,positive
,
Tue Sep 17 01:54:17 +0000 2019,neutral
,
Tue Sep 17 01:54:17 +0000 2019,neutral
,
Tue Sep 17 01:54:19 +0000 2019,neutral
,
Tue Sep 17 01:54:19 +0000 2019,positive
,
Tue Sep 17 01:54:29 +0000 2019,neutral
,
Tue Sep 17 01:54:31 +0000 2019,positive
,
Tue Sep 17 01:54:33 +0000 2019,positive
,
Tue Sep 17 01:54:33 +0000 2019,neutral
,
Tue Sep 17 01:54:33 +0000 2019,positive
,
Tue Sep 17 01:54:35 +0000 2019,neutral
,
Tue Sep 17 01:54:35 +0000 2019,neutral
,
Tue Sep 17 01:54:35 +0000 2019,neutral
,
Tue Sep 17 01:54:37 +0000 2019,neutral
,
Tue Sep 17 01:54:37 +0000 2019,positive
,
Tue Sep 17 01:54:39 +0000 2019,negative
,
Tue Sep 17 01:54:42 +0000 2019,neutral
,
Tue Sep 17 01:54:43 +0000 2019,positive
,
Tue Sep 17 01:54:46 +0000 2019,neutral
,
Tue Sep 17 01:54:49 +0000 2019,neutral
,
Tue Sep 17 01:54:50 +0000 2019,positive
,
Tue Sep 17 01:54:51 +0000 2019,neutral
,
Tue Sep 17 01:54:52 +0000 2019,positive
,
Tue Sep 17 01:54:54 +0000 2019,neutral
,
Tue Sep 17 01:54:57 +0000 2019,neutral
,
Tue Sep 17 01:54:59 +0000 2019,negative
,
Tue Sep 17 01:55:03 +0000 2019,neutral
,
Tue Sep 17 01:55:03 +0000 2019,positive
,
Tue Sep 17 01:55:04 +0000 2019,positive
,
Tue Sep 17 01:55:05 +0000 2019,positive
,
Tue Sep 17 01:55:09 +0000 2019,neutral
,
Tue Sep 17 01:55:10 +0000 2019,neutral
,
Tue Sep 17 01:55:21 +0000 2019,neutral
,
Tue Sep 17 01:55:25 +0000 2019,neutral
,
Tue Sep 17 01:55:28 +0000 2019,neutral
,
Tue Sep 17 01:55:38 +0000 2019,positive
,
Tue Sep 17 01:55:39 +0000 2019,neutral
,
Tue Sep 17 01:55:40 +0000 2019,positive
,
Tue Sep 17 01:55:42 +0000 2019,neutral
,
Tue Sep 17 01:55:43 +0000 2019,positive
,
Tue Sep 17 01:55:46 +0000 2019,positive
,
Tue Sep 17 01:55:47 +0000 2019,neutral
,
Tue Sep 17 01:55:48 +0000 2019,positive
,
Tue Sep 17 01:55:48 +0000 2019,neutral
,
Tue Sep 17 01:55:48 +0000 2019,neutral
,
Tue Sep 17 01:55:50 +0000 2019,neutral
,
Tue Sep 17 01:55:52 +0000 2019,neutral
,
Tue Sep 17 01:55:54 +0000 2019,neutral
,
Tue Sep 17 01:55:56 +0000 2019,neutral
,
Tue Sep 17 01:55:59 +0000 2019,positive
,
Tue Sep 17 01:56:01 +0000 2019,positive
,
Tue Sep 17 01:56:03 +0000 2019,positive
,
Tue Sep 17 01:56:05 +0000 2019,neutral
,
Tue Sep 17 01:56:05 +0000 2019,negative
,
Tue Sep 17 01:56:07 +0000 2019,positive
,
Tue Sep 17 01:56:08 +0000 2019,positive
,
Tue Sep 17 01:56:11 +0000 2019,negative
,
Tue Sep 17 01:56:11 +0000 2019,negative
,
Tue Sep 17 01:56:13 +0000 2019,negative
,
Tue Sep 17 01:56:14 +0000 2019,neutral
,
Tue Sep 17 01:56:15 +0000 2019,positive
,
Tue Sep 17 01:56:16 +0000 2019,neutral
,
Tue Sep 17 01:56:22 +0000 2019,neutral
,
Tue Sep 17 01:56:22 +0000 2019,neutral
,
Tue Sep 17 01:56:25 +0000 2019,negative
,
Tue Sep 17 01:56:31 +0000 2019,neutral
,
Tue Sep 17 01:56:33 +0000 2019,neutral
,
Tue Sep 17 01:56:34 +0000 2019,positive
,
Tue Sep 17 01:56:35 +0000 2019,neutral
,
Tue Sep 17 01:56:36 +0000 2019,positive
,
Tue Sep 17 01:56:37 +0000 2019,neutral
,
Tue Sep 17 01:56:37 +0000 2019,positive
,
Tue Sep 17 01:56:40 +0000 2019,negative
,
Tue Sep 17 01:56:41 +0000 2019,neutral
,
Tue Sep 17 01:56:42 +0000 2019,positive
,
Tue Sep 17 01:56:42 +0000 2019,neutral
,
Tue Sep 17 01:56:47 +0000 2019,positive
,
Tue Sep 17 01:56:55 +0000 2019,neutral
,
Tue Sep 17 01:56:58 +0000 2019,positive
,
Tue Sep 17 01:57:01 +0000 2019,neutral
,
Tue Sep 17 01:57:02 +0000 2019,neutral
,
Tue Sep 17 01:57:02 +0000 2019,positive
,
Tue Sep 17 01:57:03 +0000 2019,positive
,
Tue Sep 17 01:57:03 +0000 2019,neutral
,
Tue Sep 17 01:57:07 +0000 2019,positive
,
Tue Sep 17 01:57:13 +0000 2019,neutral
,
Tue Sep 17 01:57:16 +0000 2019,neutral
,
Tue Sep 17 01:57:18 +0000 2019,positive
,
Tue Sep 17 01:57:19 +0000 2019,positive
,
Tue Sep 17 01:57:19 +0000 2019,neutral
,
Tue Sep 17 01:57:21 +0000 2019,positive
,
Tue Sep 17 01:57:24 +0000 2019,negative
,
Tue Sep 17 01:57:25 +0000 2019,neutral
,
Tue Sep 17 01:57:25 +0000 2019,negative
,
Tue Sep 17 01:57:25 +0000 2019,positive
,
Tue Sep 17 01:57:28 +0000 2019,neutral
,
Tue Sep 17 01:57:33 +0000 2019,neutral
,
Tue Sep 17 01:57:33 +0000 2019,neutral
,
Tue Sep 17 01:57:33 +0000 2019,positive
,
Tue Sep 17 01:57:34 +0000 2019,neutral
,
Tue Sep 17 01:57:34 +0000 2019,positive
,
Tue Sep 17 01:57:37 +0000 2019,neutral
,
Tue Sep 17 01:57:42 +0000 2019,neutral
,
Tue Sep 17 01:57:45 +0000 2019,positive
,
Tue Sep 17 01:57:50 +0000 2019,neutral
,
Tue Sep 17 01:57:52 +0000 2019,positive
,
Tue Sep 17 01:57:53 +0000 2019,neutral
,
Tue Sep 17 01:57:57 +0000 2019,positive
,
Tue Sep 17 01:58:00 +0000 2019,neutral
,
Tue Sep 17 01:57:59 +0000 2019,positive
,
Tue Sep 17 01:58:06 +0000 2019,neutral
,
Tue Sep 17 01:58:06 +0000 2019,neutral
,
Tue Sep 17 01:58:07 +0000 2019,neutral
,
Tue Sep 17 01:58:10 +0000 2019,neutral
,
Tue Sep 17 01:58:13 +0000 2019,neutral
,
Tue Sep 17 01:58:15 +0000 2019,positive
,
Tue Sep 17 01:58:16 +0000 2019,neutral
,
Tue Sep 17 01:58:17 +0000 2019,neutral
,
Tue Sep 17 01:58:19 +0000 2019,neutral
,
Tue Sep 17 01:58:24 +0000 2019,neutral
,
Tue Sep 17 01:58:26 +0000 2019,positive
,
Tue Sep 17 01:58:27 +0000 2019,positive
,
Tue Sep 17 01:58:28 +0000 2019,neutral
,
Tue Sep 17 01:58:30 +0000 2019,neutral
,
Tue Sep 17 01:58:31 +0000 2019,neutral
,
Tue Sep 17 01:58:31 +0000 2019,positive
,
Tue Sep 17 01:58:31 +0000 2019,neutral
,
Tue Sep 17 01:58:34 +0000 2019,neutral
,
Tue Sep 17 01:58:42 +0000 2019,neutral
,
Tue Sep 17 01:58:45 +0000 2019,neutral
,
Tue Sep 17 01:58:54 +0000 2019,neutral
,
Tue Sep 17 01:59:00 +0000 2019,neutral
,
Tue Sep 17 01:59:00 +0000 2019,neutral
,
Tue Sep 17 01:59:03 +0000 2019,positive
,
Tue Sep 17 01:59:04 +0000 2019,neutral
,
Tue Sep 17 01:59:08 +0000 2019,negative
,
Tue Sep 17 01:59:11 +0000 2019,positive
,
Tue Sep 17 01:59:12 +0000 2019,neutral
,
Tue Sep 17 01:59:14 +0000 2019,neutral
,
Tue Sep 17 01:59:15 +0000 2019,negative
,
Tue Sep 17 01:59:15 +0000 2019,positive
,
Tue Sep 17 01:59:20 +0000 2019,neutral
,
Tue Sep 17 01:59:22 +0000 2019,neutral
,
Tue Sep 17 01:59:24 +0000 2019,neutral
,
Tue Sep 17 01:59:29 +0000 2019,positive
,
Tue Sep 17 01:59:30 +0000 2019,positive
,
Tue Sep 17 01:59:31 +0000 2019,neutral
,
Tue Sep 17 01:59:31 +0000 2019,neutral
,
Tue Sep 17 01:59:31 +0000 2019,positive
,
Tue Sep 17 01:59:31 +0000 2019,neutral
,
Tue Sep 17 01:59:31 +0000 2019,neutral
,
Tue Sep 17 01:59:32 +0000 2019,neutral
,
Tue Sep 17 01:59:34 +0000 2019,neutral
,
Tue Sep 17 01:59:35 +0000 2019,neutral
,
Tue Sep 17 01:59:41 +0000 2019,neutral
,
Tue Sep 17 01:59:41 +0000 2019,positive
,
Tue Sep 17 01:59:45 +0000 2019,neutral
,
Tue Sep 17 01:59:47 +0000 2019,neutral
,
Tue Sep 17 01:59:48 +0000 2019,neutral
,
Tue Sep 17 01:59:50 +0000 2019,positive
,
Tue Sep 17 01:59:50 +0000 2019,neutral
,
Tue Sep 17 01:59:52 +0000 2019,neutral
,
Tue Sep 17 01:59:54 +0000 2019,positive
,
Tue Sep 17 01:59:57 +0000 2019,positive
,
Tue Sep 17 01:59:58 +0000 2019,positive
,
Tue Sep 17 01:59:59 +0000 2019,neutral
,
Tue Sep 17 01:59:59 +0000 2019,positive
,
Tue Sep 17 02:00:00 +0000 2019,neutral
,
Tue Sep 17 02:00:01 +0000 2019,positive
,
Tue Sep 17 02:00:01 +0000 2019,negative
,
Tue Sep 17 02:00:02 +0000 2019,neutral
,
Tue Sep 17 02:00:02 +0000 2019,negative
,
Tue Sep 17 02:00:02 +0000 2019,positive
,
Tue Sep 17 02:00:03 +0000 2019,neutral
,
Tue Sep 17 02:00:03 +0000 2019,positive
,
Tue Sep 17 02:00:03 +0000 2019,neutral
,
Tue Sep 17 02:00:04 +0000 2019,positive
,
Tue Sep 17 02:00:04 +0000 2019,neutral
,
Tue Sep 17 02:00:04 +0000 2019,neutral
,
Tue Sep 17 02:00:05 +0000 2019,positive
,
Tue Sep 17 02:00:05 +0000 2019,negative
,
Tue Sep 17 02:00:05 +0000 2019,positive
,
Tue Sep 17 02:00:06 +0000 2019,positive
,
Tue Sep 17 02:00:07 +0000 2019,neutral
,
Tue Sep 17 02:00:07 +0000 2019,positive
,
Tue Sep 17 02:00:08 +0000 2019,positive
,
Tue Sep 17 02:00:08 +0000 2019,neutral
,
Tue Sep 17 02:00:08 +0000 2019,neutral
,
Tue Sep 17 02:00:09 +0000 2019,neutral
,
Tue Sep 17 02:00:10 +0000 2019,positive
,
Tue Sep 17 02:00:10 +0000 2019,neutral
,
Tue Sep 17 02:00:11 +0000 2019,positive
,
Tue Sep 17 02:00:13 +0000 2019,positive
,
Tue Sep 17 02:00:12 +0000 2019,negative
,
Tue Sep 17 02:00:13 +0000 2019,neutral
,
Tue Sep 17 02:00:13 +0000 2019,negative
,
Tue Sep 17 02:00:14 +0000 2019,positive
,
Tue Sep 17 02:00:15 +0000 2019,neutral
,
Tue Sep 17 02:00:16 +0000 2019,neutral
,
Tue Sep 17 02:00:17 +0000 2019,positive
,
Tue Sep 17 02:00:18 +0000 2019,neutral
,
Tue Sep 17 02:00:19 +0000 2019,neutral
,
Tue Sep 17 02:00:20 +0000 2019,positive
,
Tue Sep 17 02:00:20 +0000 2019,neutral
,
Tue Sep 17 02:00:21 +0000 2019,positive
,
Tue Sep 17 02:00:21 +0000 2019,positive
,
Tue Sep 17 02:00:21 +0000 2019,neutral
,
Tue Sep 17 02:00:22 +0000 2019,neutral
,
Tue Sep 17 02:00:24 +0000 2019,neutral
,
Tue Sep 17 02:00:24 +0000 2019,positive
,
Tue Sep 17 02:00:24 +0000 2019,positive
,
Tue Sep 17 02:00:25 +0000 2019,neutral
,
Tue Sep 17 02:00:26 +0000 2019,neutral
,
Tue Sep 17 02:00:27 +0000 2019,positive
,
Tue Sep 17 02:00:29 +0000 2019,positive
,
Tue Sep 17 02:00:30 +0000 2019,neutral
,
Tue Sep 17 02:00:31 +0000 2019,neutral
,
Tue Sep 17 02:00:32 +0000 2019,negative
,
Tue Sep 17 02:00:33 +0000 2019,neutral
,
Tue Sep 17 02:00:33 +0000 2019,neutral
,
Tue Sep 17 02:00:33 +0000 2019,positive
,
Tue Sep 17 02:00:34 +0000 2019,neutral
,
Tue Sep 17 02:00:34 +0000 2019,neutral
,
Tue Sep 17 02:00:34 +0000 2019,positive
,
Tue Sep 17 02:00:35 +0000 2019,positive
,
Tue Sep 17 02:00:35 +0000 2019,neutral
,
Tue Sep 17 02:00:36 +0000 2019,neutral
,
Tue Sep 17 02:00:36 +0000 2019,neutral
,
Tue Sep 17 02:00:37 +0000 2019,neutral
,
Tue Sep 17 02:00:38 +0000 2019,positive
,
Tue Sep 17 02:00:38 +0000 2019,positive
,
Tue Sep 17 02:00:39 +0000 2019,neutral
,
Tue Sep 17 02:00:42 +0000 2019,neutral
,
Tue Sep 17 02:00:43 +0000 2019,positive
,
Tue Sep 17 02:00:43 +0000 2019,neutral
,
Tue Sep 17 02:00:43 +0000 2019,neutral
,
Tue Sep 17 02:00:46 +0000 2019,neutral
,
Tue Sep 17 02:00:47 +0000 2019,neutral
,
Tue Sep 17 02:00:51 +0000 2019,neutral
,
Tue Sep 17 02:00:53 +0000 2019,positive
,
Tue Sep 17 02:00:53 +0000 2019,positive
,
Tue Sep 17 02:00:55 +0000 2019,negative
,
Tue Sep 17 02:00:55 +0000 2019,negative
,
Tue Sep 17 02:00:56 +0000 2019,neutral
,
Tue Sep 17 02:00:57 +0000 2019,positive
,
Tue Sep 17 02:01:00 +0000 2019,positive
,
Tue Sep 17 02:00:59 +0000 2019,positive
,
Tue Sep 17 02:01:00 +0000 2019,negative
,
Tue Sep 17 02:01:01 +0000 2019,negative
,
Tue Sep 17 02:01:01 +0000 2019,positive
,
Tue Sep 17 02:01:01 +0000 2019,neutral
,
Tue Sep 17 02:01:03 +0000 2019,neutral
,
Tue Sep 17 02:01:03 +0000 2019,positive
,
Tue Sep 17 02:01:04 +0000 2019,positive
,
Tue Sep 17 02:01:07 +0000 2019,neutral
,
Tue Sep 17 02:01:09 +0000 2019,negative
,
Tue Sep 17 02:01:13 +0000 2019,neutral
,
Tue Sep 17 02:01:13 +0000 2019,positive
,
Tue Sep 17 02:01:14 +0000 2019,positive
,
Tue Sep 17 02:01:14 +0000 2019,positive
,
Tue Sep 17 02:01:15 +0000 2019,neutral
,
Tue Sep 17 02:01:15 +0000 2019,neutral
,
Tue Sep 17 02:01:19 +0000 2019,neutral
,
Tue Sep 17 02:01:19 +0000 2019,neutral
,
Tue Sep 17 02:01:21 +0000 2019,neutral
,
Tue Sep 17 02:01:25 +0000 2019,positive
,
Tue Sep 17 02:01:26 +0000 2019,neutral
,
Tue Sep 17 02:01:27 +0000 2019,positive
,
Tue Sep 17 02:01:28 +0000 2019,negative
,
Tue Sep 17 02:01:29 +0000 2019,negative
,
Tue Sep 17 02:01:30 +0000 2019,positive
,
Tue Sep 17 02:01:30 +0000 2019,positive
,
Tue Sep 17 02:01:32 +0000 2019,neutral
,
Tue Sep 17 02:01:33 +0000 2019,neutral
,
Tue Sep 17 02:01:33 +0000 2019,neutral
,
Tue Sep 17 02:01:34 +0000 2019,neutral
,
Tue Sep 17 02:01:35 +0000 2019,neutral
,
Tue Sep 17 02:01:37 +0000 2019,neutral
,
Tue Sep 17 02:01:37 +0000 2019,positive
,
Tue Sep 17 02:01:39 +0000 2019,negative
,
Tue Sep 17 02:01:41 +0000 2019,positive
,
Tue Sep 17 02:01:42 +0000 2019,neutral
,
Tue Sep 17 02:01:44 +0000 2019,neutral
,
Tue Sep 17 02:01:44 +0000 2019,positive
,
Tue Sep 17 02:01:45 +0000 2019,positive
,
Tue Sep 17 02:01:47 +0000 2019,positive
,
Tue Sep 17 02:01:48 +0000 2019,neutral
,
Tue Sep 17 02:01:50 +0000 2019,negative
,
Tue Sep 17 02:01:50 +0000 2019,positive
,
Tue Sep 17 02:01:52 +0000 2019,positive
,
Tue Sep 17 02:01:53 +0000 2019,positive
,
Tue Sep 17 02:01:54 +0000 2019,neutral
,
Tue Sep 17 02:01:55 +0000 2019,neutral
,
Tue Sep 17 02:01:55 +0000 2019,positive
,
Tue Sep 17 02:01:56 +0000 2019,neutral
,
Tue Sep 17 02:01:56 +0000 2019,positive
,
Tue Sep 17 02:02:02 +0000 2019,positive
,
Tue Sep 17 02:02:02 +0000 2019,positive
,
Tue Sep 17 02:02:02 +0000 2019,positive
,
Tue Sep 17 02:02:02 +0000 2019,positive
,
Tue Sep 17 02:02:02 +0000 2019,neutral
,
Tue Sep 17 02:02:04 +0000 2019,positive
,
Tue Sep 17 02:02:04 +0000 2019,neutral
,
Tue Sep 17 02:02:06 +0000 2019,neutral
,
Tue Sep 17 02:02:07 +0000 2019,positive
,
Tue Sep 17 02:02:09 +0000 2019,neutral
,
Tue Sep 17 02:02:11 +0000 2019,positive
,
Tue Sep 17 02:02:11 +0000 2019,positive
,
Tue Sep 17 02:02:20 +0000 2019,positive
,
Tue Sep 17 02:02:20 +0000 2019,neutral
,
Tue Sep 17 02:02:22 +0000 2019,positive
,
Tue Sep 17 02:02:22 +0000 2019,neutral
,
Tue Sep 17 02:02:29 +0000 2019,neutral
,
Tue Sep 17 02:02:31 +0000 2019,neutral
,
Tue Sep 17 02:02:35 +0000 2019,positive
,
Tue Sep 17 02:02:35 +0000 2019,positive
,
Tue Sep 17 02:02:36 +0000 2019,neutral
,
Tue Sep 17 02:02:37 +0000 2019,positive
,
Tue Sep 17 02:02:37 +0000 2019,positive
,
Tue Sep 17 02:02:38 +0000 2019,positive
,
Tue Sep 17 02:02:43 +0000 2019,positive
,
Tue Sep 17 02:02:44 +0000 2019,positive
,
Tue Sep 17 02:02:44 +0000 2019,neutral
,
Tue Sep 17 02:02:47 +0000 2019,neutral
,
Tue Sep 17 02:02:52 +0000 2019,positive
,
Tue Sep 17 02:02:57 +0000 2019,neutral
,
Tue Sep 17 02:03:00 +0000 2019,neutral
,
Tue Sep 17 02:03:01 +0000 2019,neutral
,
Tue Sep 17 02:03:03 +0000 2019,neutral
,
Tue Sep 17 02:03:04 +0000 2019,neutral
,
Tue Sep 17 02:03:05 +0000 2019,neutral
,
Tue Sep 17 02:03:05 +0000 2019,neutral
,
Tue Sep 17 02:03:09 +0000 2019,neutral
,
Tue Sep 17 02:03:10 +0000 2019,positive
,
Tue Sep 17 02:03:10 +0000 2019,neutral
,
Tue Sep 17 02:03:11 +0000 2019,neutral
,
Tue Sep 17 02:03:12 +0000 2019,positive
,
Tue Sep 17 02:03:16 +0000 2019,neutral
,
Tue Sep 17 02:03:19 +0000 2019,negative
,
Tue Sep 17 02:03:19 +0000 2019,neutral
,
Tue Sep 17 02:03:23 +0000 2019,negative
,
Tue Sep 17 02:03:24 +0000 2019,neutral
,
Tue Sep 17 02:03:29 +0000 2019,positive
,
Tue Sep 17 02:03:36 +0000 2019,positive
,
Tue Sep 17 02:03:37 +0000 2019,positive
,
Tue Sep 17 02:03:41 +0000 2019,positive
,
Tue Sep 17 02:03:44 +0000 2019,neutral
,
Tue Sep 17 02:03:46 +0000 2019,positive
,
Tue Sep 17 02:03:46 +0000 2019,positive
,
Tue Sep 17 02:03:51 +0000 2019,neutral
,
Tue Sep 17 02:03:57 +0000 2019,positive
,
Tue Sep 17 02:04:00 +0000 2019,positive
,
Tue Sep 17 02:04:01 +0000 2019,neutral
,
Tue Sep 17 02:04:04 +0000 2019,neutral
,
Tue Sep 17 02:04:10 +0000 2019,neutral
,
Tue Sep 17 02:04:11 +0000 2019,neutral
,
Tue Sep 17 02:04:13 +0000 2019,neutral
,
Tue Sep 17 02:04:19 +0000 2019,positive
,
Tue Sep 17 02:04:20 +0000 2019,neutral
,
Tue Sep 17 02:04:25 +0000 2019,neutral
,
Tue Sep 17 02:04:27 +0000 2019,positive
,
Tue Sep 17 02:04:27 +0000 2019,neutral
,
Tue Sep 17 02:04:28 +0000 2019,positive
,
Tue Sep 17 02:04:31 +0000 2019,neutral
,
Tue Sep 17 02:04:36 +0000 2019,positive
,
Tue Sep 17 02:04:36 +0000 2019,positive
,
Tue Sep 17 02:04:38 +0000 2019,positive
,
Tue Sep 17 02:04:39 +0000 2019,neutral
,
Tue Sep 17 02:04:39 +0000 2019,negative
,
Tue Sep 17 02:04:40 +0000 2019,neutral
,
Tue Sep 17 02:04:42 +0000 2019,positive
,
Tue Sep 17 02:04:43 +0000 2019,negative
,
Tue Sep 17 02:04:45 +0000 2019,neutral
,
Tue Sep 17 02:04:46 +0000 2019,neutral
,
Tue Sep 17 02:04:47 +0000 2019,neutral
,
Tue Sep 17 02:04:54 +0000 2019,positive
,
Tue Sep 17 02:04:56 +0000 2019,positive
,
Tue Sep 17 02:05:06 +0000 2019,negative
,
Tue Sep 17 02:05:07 +0000 2019,positive
,
Tue Sep 17 02:05:08 +0000 2019,negative
,
Tue Sep 17 02:05:09 +0000 2019,positive
,
Tue Sep 17 02:05:09 +0000 2019,neutral
,
Tue Sep 17 02:05:15 +0000 2019,positive
,
Tue Sep 17 02:05:15 +0000 2019,negative
,
Tue Sep 17 02:05:16 +0000 2019,positive
,
Tue Sep 17 02:05:17 +0000 2019,neutral
,
Tue Sep 17 02:05:20 +0000 2019,neutral
,
Tue Sep 17 02:05:21 +0000 2019,negative
,
Tue Sep 17 02:05:23 +0000 2019,neutral
,
Tue Sep 17 02:05:24 +0000 2019,neutral
,
Tue Sep 17 02:05:26 +0000 2019,neutral
,
Tue Sep 17 02:05:26 +0000 2019,negative
,
Tue Sep 17 02:05:30 +0000 2019,positive
,
Tue Sep 17 02:05:30 +0000 2019,neutral
,
Tue Sep 17 02:05:32 +0000 2019,positive
,
Tue Sep 17 02:05:33 +0000 2019,neutral
,
Tue Sep 17 02:05:33 +0000 2019,negative
,
Tue Sep 17 02:05:34 +0000 2019,neutral
,
Tue Sep 17 02:05:36 +0000 2019,neutral
,
Tue Sep 17 02:05:39 +0000 2019,negative
,
Tue Sep 17 02:05:48 +0000 2019,positive
,
Tue Sep 17 02:05:51 +0000 2019,positive
,
Tue Sep 17 02:05:52 +0000 2019,neutral
,
Tue Sep 17 02:05:57 +0000 2019,positive
,
Tue Sep 17 02:06:04 +0000 2019,positive
,
Tue Sep 17 02:06:05 +0000 2019,neutral
,
Tue Sep 17 02:06:16 +0000 2019,neutral
,
Tue Sep 17 02:06:20 +0000 2019,neutral
,
Tue Sep 17 02:06:29 +0000 2019,neutral
,
Tue Sep 17 02:06:30 +0000 2019,neutral
,
Tue Sep 17 02:06:36 +0000 2019,positive
,
Tue Sep 17 02:06:41 +0000 2019,neutral
,
Tue Sep 17 02:06:42 +0000 2019,neutral
,
Tue Sep 17 02:06:42 +0000 2019,neutral
,
Tue Sep 17 02:06:43 +0000 2019,positive
,
Tue Sep 17 02:06:44 +0000 2019,negative
,
Tue Sep 17 02:06:48 +0000 2019,neutral
,
Tue Sep 17 02:06:49 +0000 2019,positive
,
Tue Sep 17 02:06:53 +0000 2019,neutral
,
Tue Sep 17 02:06:54 +0000 2019,neutral
,
Tue Sep 17 02:06:56 +0000 2019,negative
,
Tue Sep 17 02:06:58 +0000 2019,neutral
,
Tue Sep 17 02:06:59 +0000 2019,neutral
,
Tue Sep 17 02:07:02 +0000 2019,neutral
,
Tue Sep 17 02:07:02 +0000 2019,neutral
,
Tue Sep 17 02:07:04 +0000 2019,positive
,
Tue Sep 17 02:07:03 +0000 2019,negative
,
Tue Sep 17 02:07:04 +0000 2019,negative
,
Tue Sep 17 02:07:05 +0000 2019,neutral
,
Tue Sep 17 02:07:06 +0000 2019,positive
,
Tue Sep 17 02:07:07 +0000 2019,neutral
,
Tue Sep 17 02:07:07 +0000 2019,positive
,
Tue Sep 17 02:07:09 +0000 2019,neutral
,
Tue Sep 17 02:07:16 +0000 2019,neutral
,
Tue Sep 17 02:07:22 +0000 2019,neutral
,
Tue Sep 17 02:07:23 +0000 2019,neutral
,
Tue Sep 17 02:07:25 +0000 2019,neutral
,
Tue Sep 17 02:07:26 +0000 2019,neutral
,
Tue Sep 17 02:07:29 +0000 2019,positive
,
Tue Sep 17 02:07:30 +0000 2019,neutral
,
Tue Sep 17 02:07:33 +0000 2019,negative
,
Tue Sep 17 02:07:34 +0000 2019,neutral
,
Tue Sep 17 02:07:34 +0000 2019,neutral
,
Tue Sep 17 02:07:37 +0000 2019,positive
,
Tue Sep 17 02:07:40 +0000 2019,positive
,
Tue Sep 17 02:07:46 +0000 2019,positive
,
Tue Sep 17 02:07:59 +0000 2019,neutral
,
Tue Sep 17 02:08:00 +0000 2019,positive
,
Tue Sep 17 02:08:00 +0000 2019,positive
,
Tue Sep 17 02:08:00 +0000 2019,neutral
,
Tue Sep 17 02:08:02 +0000 2019,positive
,
Tue Sep 17 02:08:05 +0000 2019,negative
,
Tue Sep 17 02:08:10 +0000 2019,neutral
,
Tue Sep 17 02:08:10 +0000 2019,neutral
,
Tue Sep 17 02:08:11 +0000 2019,positive
,
Tue Sep 17 02:08:12 +0000 2019,neutral
,
Tue Sep 17 02:08:15 +0000 2019,positive
,
Tue Sep 17 02:08:16 +0000 2019,positive
,
Tue Sep 17 02:08:24 +0000 2019,neutral
,
Tue Sep 17 02:08:25 +0000 2019,neutral
,
Tue Sep 17 02:08:26 +0000 2019,neutral
,
Tue Sep 17 02:08:31 +0000 2019,neutral
,
Tue Sep 17 02:08:33 +0000 2019,neutral
,
Tue Sep 17 02:08:36 +0000 2019,neutral
,
Tue Sep 17 02:08:38 +0000 2019,positive
,
Tue Sep 17 02:08:39 +0000 2019,neutral
,
Tue Sep 17 02:08:43 +0000 2019,positive
,
Tue Sep 17 02:08:44 +0000 2019,negative
,
Tue Sep 17 02:08:47 +0000 2019,neutral
,
Tue Sep 17 02:08:48 +0000 2019,neutral
,
Tue Sep 17 02:08:53 +0000 2019,neutral
,
Tue Sep 17 02:08:54 +0000 2019,positive
,
Tue Sep 17 02:08:56 +0000 2019,positive
,
Tue Sep 17 02:08:57 +0000 2019,positive
,
Tue Sep 17 02:08:58 +0000 2019,neutral
,
Tue Sep 17 02:09:00 +0000 2019,neutral
,
Tue Sep 17 02:09:00 +0000 2019,neutral
,
Tue Sep 17 02:09:01 +0000 2019,neutral
,
Tue Sep 17 02:09:02 +0000 2019,neutral
,
Tue Sep 17 02:09:04 +0000 2019,neutral
,
Tue Sep 17 02:09:12 +0000 2019,positive
,
Tue Sep 17 02:09:14 +0000 2019,positive
,
Tue Sep 17 02:09:17 +0000 2019,positive
,
Tue Sep 17 02:09:20 +0000 2019,positive
,
Tue Sep 17 02:09:25 +0000 2019,negative
,
Tue Sep 17 02:09:27 +0000 2019,neutral
,
Tue Sep 17 02:09:35 +0000 2019,neutral
,
Tue Sep 17 02:09:39 +0000 2019,negative
,
Tue Sep 17 02:09:42 +0000 2019,positive
,
Tue Sep 17 02:09:44 +0000 2019,positive
,
Tue Sep 17 02:09:48 +0000 2019,neutral
,
Tue Sep 17 02:09:48 +0000 2019,neutral
,
Tue Sep 17 02:09:49 +0000 2019,neutral
,
Tue Sep 17 02:09:50 +0000 2019,neutral
,
Tue Sep 17 02:09:54 +0000 2019,neutral
,
Tue Sep 17 02:09:55 +0000 2019,neutral
,
Tue Sep 17 02:09:55 +0000 2019,neutral
,
Tue Sep 17 02:09:56 +0000 2019,positive
,
Tue Sep 17 02:09:59 +0000 2019,neutral
,
Tue Sep 17 02:10:00 +0000 2019,positive
,
Tue Sep 17 02:10:00 +0000 2019,positive
,
Tue Sep 17 02:10:01 +0000 2019,positive
,
Tue Sep 17 02:10:02 +0000 2019,neutral
,
Tue Sep 17 02:10:02 +0000 2019,positive
,
Tue Sep 17 02:10:02 +0000 2019,positive
,
Tue Sep 17 02:10:03 +0000 2019,neutral
,
Tue Sep 17 02:10:03 +0000 2019,positive
,
Tue Sep 17 02:10:03 +0000 2019,neutral
,
Tue Sep 17 02:10:07 +0000 2019,neutral
,
Tue Sep 17 02:10:11 +0000 2019,neutral
,
Tue Sep 17 02:10:11 +0000 2019,positive
,
Tue Sep 17 02:10:11 +0000 2019,neutral
,
Tue Sep 17 02:10:12 +0000 2019,neutral
,
Tue Sep 17 02:10:13 +0000 2019,neutral
,
Tue Sep 17 02:10:21 +0000 2019,neutral
,
Tue Sep 17 02:10:29 +0000 2019,neutral
,
Tue Sep 17 02:10:32 +0000 2019,neutral
,
Tue Sep 17 02:10:34 +0000 2019,neutral
,
Tue Sep 17 02:10:35 +0000 2019,neutral
,
Tue Sep 17 02:10:36 +0000 2019,neutral
,
Tue Sep 17 02:10:38 +0000 2019,neutral
,
Tue Sep 17 02:10:38 +0000 2019,positive
,
Tue Sep 17 02:10:41 +0000 2019,neutral
,
Tue Sep 17 02:10:44 +0000 2019,neutral
,
Tue Sep 17 02:10:47 +0000 2019,positive
,
Tue Sep 17 02:10:56 +0000 2019,neutral
,
Tue Sep 17 02:10:56 +0000 2019,negative
,
Tue Sep 17 02:11:01 +0000 2019,positive
,
Tue Sep 17 02:11:02 +0000 2019,neutral
,
Tue Sep 17 02:11:05 +0000 2019,neutral
,
Tue Sep 17 02:11:06 +0000 2019,negative
,
Tue Sep 17 02:11:07 +0000 2019,neutral
,
Tue Sep 17 02:11:07 +0000 2019,neutral
,
Tue Sep 17 02:11:09 +0000 2019,negative
,
Tue Sep 17 02:11:15 +0000 2019,positive
,
Tue Sep 17 02:11:15 +0000 2019,positive
,
Tue Sep 17 02:11:15 +0000 2019,neutral
,
Tue Sep 17 02:11:16 +0000 2019,neutral
,
Tue Sep 17 02:11:24 +0000 2019,positive
,
Tue Sep 17 02:11:25 +0000 2019,negative
,
Tue Sep 17 02:11:29 +0000 2019,positive
,
Tue Sep 17 02:11:29 +0000 2019,neutral
,
Tue Sep 17 02:11:29 +0000 2019,neutral
,
Tue Sep 17 02:11:31 +0000 2019,neutral
,
Tue Sep 17 02:11:33 +0000 2019,positive
,
Tue Sep 17 02:11:34 +0000 2019,neutral
,
Tue Sep 17 02:11:33 +0000 2019,positive
,
Tue Sep 17 02:11:36 +0000 2019,positive
,
Tue Sep 17 02:11:39 +0000 2019,positive
,
Tue Sep 17 02:11:45 +0000 2019,neutral
,
Tue Sep 17 02:11:45 +0000 2019,negative
,
Tue Sep 17 02:11:46 +0000 2019,positive
,
Tue Sep 17 02:11:47 +0000 2019,positive
,
Tue Sep 17 02:11:47 +0000 2019,positive
,
Tue Sep 17 02:11:51 +0000 2019,neutral
,
Tue Sep 17 02:11:51 +0000 2019,positive
,
Tue Sep 17 02:11:55 +0000 2019,negative
,
Tue Sep 17 02:11:59 +0000 2019,positive
,
Tue Sep 17 02:12:02 +0000 2019,neutral
,
Tue Sep 17 02:12:03 +0000 2019,negative
,
Tue Sep 17 02:12:05 +0000 2019,neutral
,
Tue Sep 17 02:12:07 +0000 2019,neutral
,
Tue Sep 17 02:12:07 +0000 2019,neutral
,
Tue Sep 17 02:12:08 +0000 2019,neutral
,
Tue Sep 17 02:12:11 +0000 2019,positive
,
Tue Sep 17 02:12:12 +0000 2019,positive
,
Tue Sep 17 02:12:14 +0000 2019,neutral
,
Tue Sep 17 02:12:16 +0000 2019,neutral
,
Tue Sep 17 02:12:18 +0000 2019,negative
,
Tue Sep 17 02:12:20 +0000 2019,neutral
,
Tue Sep 17 02:12:21 +0000 2019,neutral
,
Tue Sep 17 02:12:23 +0000 2019,positive
,
Tue Sep 17 02:12:23 +0000 2019,neutral
,
Tue Sep 17 02:12:23 +0000 2019,neutral
,
Tue Sep 17 02:12:24 +0000 2019,neutral
,
Tue Sep 17 02:12:27 +0000 2019,positive
,
Tue Sep 17 02:12:27 +0000 2019,neutral
,
Tue Sep 17 02:12:27 +0000 2019,neutral
,
Tue Sep 17 02:12:30 +0000 2019,neutral
,
Tue Sep 17 02:12:40 +0000 2019,positive
,
Tue Sep 17 02:12:47 +0000 2019,positive
,
Tue Sep 17 02:12:49 +0000 2019,neutral
,
Tue Sep 17 02:12:52 +0000 2019,positive
,
Tue Sep 17 02:12:52 +0000 2019,negative
,
Tue Sep 17 02:12:53 +0000 2019,positive
,
Tue Sep 17 02:12:55 +0000 2019,positive
,
Tue Sep 17 02:12:59 +0000 2019,neutral
,
Tue Sep 17 02:13:00 +0000 2019,positive
,
Tue Sep 17 02:13:00 +0000 2019,negative
,
Tue Sep 17 02:13:01 +0000 2019,positive
,
Tue Sep 17 02:13:01 +0000 2019,neutral
,
Tue Sep 17 02:13:02 +0000 2019,neutral
,
Tue Sep 17 02:13:02 +0000 2019,neutral
,
Tue Sep 17 02:13:03 +0000 2019,positive
,
Tue Sep 17 02:13:04 +0000 2019,neutral
,
Tue Sep 17 02:13:05 +0000 2019,neutral
,
Tue Sep 17 02:13:06 +0000 2019,positive
,
Tue Sep 17 02:13:16 +0000 2019,neutral
,
Tue Sep 17 02:13:17 +0000 2019,neutral
,
Tue Sep 17 02:13:17 +0000 2019,neutral
,
Tue Sep 17 02:13:22 +0000 2019,neutral
,
Tue Sep 17 02:13:23 +0000 2019,negative
,
Tue Sep 17 02:13:25 +0000 2019,neutral
,
Tue Sep 17 02:13:30 +0000 2019,positive
,
Tue Sep 17 02:13:31 +0000 2019,positive
,
Tue Sep 17 02:13:32 +0000 2019,neutral
,
Tue Sep 17 02:13:32 +0000 2019,positive
,
Tue Sep 17 02:13:33 +0000 2019,neutral
,
Tue Sep 17 02:13:37 +0000 2019,positive
,
Tue Sep 17 02:13:38 +0000 2019,positive
,
Tue Sep 17 02:13:39 +0000 2019,positive
,
Tue Sep 17 02:13:41 +0000 2019,positive
,
Tue Sep 17 02:13:47 +0000 2019,neutral
,
Tue Sep 17 02:13:50 +0000 2019,positive
,
Tue Sep 17 02:13:54 +0000 2019,neutral
,
Tue Sep 17 02:13:58 +0000 2019,negative
,
Tue Sep 17 02:14:00 +0000 2019,positive
,
Tue Sep 17 02:14:01 +0000 2019,positive